Workbook

Sheet Bewertung
A1: Bild | B1: Inhaltliche Genauigkeit | C1: Halluzinationen | D1: Detailtiefe | E1: Robustheit | F1: Konsistenz | G1: Kommentar / Kosten später | H1: Summe Kernkriterien | I1: Ø Kernkriterien | J1: Summe inkl. Konsistenz | K1: Ø inkl. Konsistenz
A2: 1 | B2: 4 | C2: 4 | D2: 5 | E2: 5 | H2: =SUM(B2:E2) -> 18 | I2: =AVERAGE(B2:E2) -> 4.5 | J2: =SUM(B2:F2) -> 18 | K2: =AVERAGE(B2:F2) -> 4.5
A3: 2 | B3: 4 | C3: 5 | D3: 3 | E3: 5 | H3: =SUM(B3:E3) -> 17 | I3: =AVERAGE(B3:E3) -> 4.25 | J3: =SUM(B3:F3) -> 17 | K3: =AVERAGE(B3:F3) -> 4.25
A4: 3 | B4: 4 | C4: 5 | D4: 5 | E4: 5 | H4: =SUM(B4:E4) -> 19 | I4: =AVERAGE(B4:E4) -> 4.75 | J4: =SUM(B4:F4) -> 19 | K4: =AVERAGE(B4:F4) -> 4.75
A5: 4 | B5: 3 | C5: 3 | D5: 5 | E5: 5 | H5: =SUM(B5:E5) -> 16 | I5: =AVERAGE(B5:E5) -> 4 | J5: =SUM(B5:F5) -> 16 | K5: =AVERAGE(B5:F5) -> 4
A6: 5 | B6: 4 | C6: 5 | D6: 4 | E6: 5 | H6: =SUM(B6:E6) -> 18 | I6: =AVERAGE(B6:E6) -> 4.5 | J6: =SUM(B6:F6) -> 18 | K6: =AVERAGE(B6:F6) -> 4.5
A7: 6 | B7: 3 | C7: 4 | D7: 5 | E7: 4 | F7: 3 | H7: =SUM(B7:E7) -> 16 | I7: =AVERAGE(B7:E7) -> 4 | J7: =SUM(B7:F7) -> 19 | K7: =AVERAGE(B7:F7) -> 3.8
A8: 7 | B8: 4 | C8: 3 | D8: 4 | E8: 4 | F8: 3 | H8: =SUM(B8:E8) -> 15 | I8: =AVERAGE(B8:E8) -> 3.75 | J8: =SUM(B8:F8) -> 18 | K8: =AVERAGE(B8:F8) -> 3.6
A9: 8 | B9: 4 | C9: 5 | D9: 5 | E9: 5 | H9: =SUM(B9:E9) -> 19 | I9: =AVERAGE(B9:E9) -> 4.75 | J9: =SUM(B9:F9) -> 19 | K9: =AVERAGE(B9:F9) -> 4.75
A10: 9 | B10: 3 | C10: 4 | D10: 5 | E10: 5 | H10: =SUM(B10:E10) -> 17 | I10: =AVERAGE(B10:E10) -> 4.25 | J10: =SUM(B10:F10) -> 17 | K10: =AVERAGE(B10:F10) -> 4.25
A11: 10 | B11: 4 | C11: 5 | D11: 4 | E11: 4 | H11: =SUM(B11:E11) -> 17 | I11: =AVERAGE(B11:E11) -> 4.25 | J11: =SUM(B11:F11) -> 17 | K11: =AVERAGE(B11:F11) -> 4.25
A12: 11 | B12: 3 | C12: 4 | D12: 5 | E12: 5 | H12: =SUM(B12:E12) -> 17 | I12: =AVERAGE(B12:E12) -> 4.25 | J12: =SUM(B12:F12) -> 17 | K12: =AVERAGE(B12:F12) -> 4.25
A13: 12 | B13: 4 | C13: 5 | D13: 4 | E13: 5 | H13: =SUM(B13:E13) -> 18 | I13: =AVERAGE(B13:E13) -> 4.5 | J13: =SUM(B13:F13) -> 18 | K13: =AVERAGE(B13:F13) -> 4.5
A14: 13 | B14: 4 | C14: 5 | D14: 5 | E14: 5 | F14: 4 | H14: =SUM(B14:E14) -> 19 | I14: =AVERAGE(B14:E14) -> 4.75 | J14: =SUM(B14:F14) -> 23 | K14: =AVERAGE(B14:F14) -> 4.6
A15: 14 | B15: 5 | C15: 5 | D15: 5 | E15: 5 | F15: 4 | H15: =SUM(B15:E15) -> 20 | I15: =AVERAGE(B15:E15) -> 5 | J15: =SUM(B15:F15) -> 24 | K15: =AVERAGE(B15:F15) -> 4.8
A16: 15 | B16: 1 | C16: 4 | D16: 3 | E16: 5 | H16: =SUM(B16:E16) -> 13 | I16: =AVERAGE(B16:E16) -> 3.25 | J16: =SUM(B16:F16) -> 13 | K16: =AVERAGE(B16:F16) -> 3.25
A17: 16 | B17: 3 | C17: 5 | D17: 4 | E17: 5 | H17: =SUM(B17:E17) -> 17 | I17: =AVERAGE(B17:E17) -> 4.25 | J17: =SUM(B17:F17) -> 17 | K17: =AVERAGE(B17:F17) -> 4.25
A18: 17 | B18: 3 | C18: 4 | D18: 4 | E18: 5 | H18: =SUM(B18:E18) -> 16 | I18: =AVERAGE(B18:E18) -> 4 | J18: =SUM(B18:F18) -> 16 | K18: =AVERAGE(B18:F18) -> 4
A19: 18 | B19: 3 | C19: 5 | D19: 4 | E19: 5 | H19: =SUM(B19:E19) -> 17 | I19: =AVERAGE(B19:E19) -> 4.25 | J19: =SUM(B19:F19) -> 17 | K19: =AVERAGE(B19:F19) -> 4.25
A20: 19 | B20: 2 | C20: 5 | D20: 4 | E20: 5 | H20: =SUM(B20:E20) -> 16 | I20: =AVERAGE(B20:E20) -> 4 | J20: =SUM(B20:F20) -> 16 | K20: =AVERAGE(B20:F20) -> 4
A21: 20 | B21: 5 | C21: 5 | D21: 4 | E21: 5 | F21: 3 | H21: =SUM(B21:E21) -> 19 | I21: =AVERAGE(B21:E21) -> 4.75 | J21: =SUM(B21:F21) -> 22 | K21: =AVERAGE(B21:F21) -> 4.4
A22: 21 | B22: 5 | C22: 5 | D22: 5 | E22: 5 | F22: 3 | H22: =SUM(B22:E22) -> 20 | I22: =AVERAGE(B22:E22) -> 5 | J22: =SUM(B22:F22) -> 23 | K22: =AVERAGE(B22:F22) -> 4.6
A23: 22 | B23: 4 | C23: 5 | D23: 5 | E23: 5 | H23: =SUM(B23:E23) -> 19 | I23: =AVERAGE(B23:E23) -> 4.75 | J23: =SUM(B23:F23) -> 19 | K23: =AVERAGE(B23:F23) -> 4.75
A24: 23 | B24: 3 | C24: 5 | D24: 3 | E24: 5 | H24: =SUM(B24:E24) -> 16 | I24: =AVERAGE(B24:E24) -> 4 | J24: =SUM(B24:F24) -> 16 | K24: =AVERAGE(B24:F24) -> 4
A25: 24 | B25: 4 | C25: 5 | D25: 5 | E25: 5 | H25: =SUM(B25:E25) -> 19 | I25: =AVERAGE(B25:E25) -> 4.75 | J25: =SUM(B25:F25) -> 19 | K25: =AVERAGE(B25:F25) -> 4.75
A26: 25 | B26: 4 | C26: 3 | D26: 5 | E26: 5 | H26: =SUM(B26:E26) -> 17 | I26: =AVERAGE(B26:E26) -> 4.25 | J26: =SUM(B26:F26) -> 17 | K26: =AVERAGE(B26:F26) -> 4.25
A27: 26 | B27: 4 | C27: 4 | D27: 5 | E27: 5 | H27: =SUM(B27:E27) -> 18 | I27: =AVERAGE(B27:E27) -> 4.5 | J27: =SUM(B27:F27) -> 18 | K27: =AVERAGE(B27:F27) -> 4.5
A28: 27 | B28: 5 | C28: 5 | D28: 4 | E28: 5 | F28: 4 | H28: =SUM(B28:E28) -> 19 | I28: =AVERAGE(B28:E28) -> 4.75 | J28: =SUM(B28:F28) -> 23 | K28: =AVERAGE(B28:F28) -> 4.6
A29: 28 | B29: 5 | C29: 5 | D29: 4 | E29: 5 | F29: 4 | H29: =SUM(B29:E29) -> 19 | I29: =AVERAGE(B29:E29) -> 4.75 | J29: =SUM(B29:F29) -> 23 | K29: =AVERAGE(B29:F29) -> 4.6
A30: 29 | B30: 3 | C30: 5 | D30: 4 | E30: 5 | H30: =SUM(B30:E30) -> 17 | I30: =AVERAGE(B30:E30) -> 4.25 | J30: =SUM(B30:F30) -> 17 | K30: =AVERAGE(B30:F30) -> 4.25
A31: 30 | B31: 3 | C31: 5 | D31: 4 | E31: 5 | H31: =SUM(B31:E31) -> 17 | I31: =AVERAGE(B31:E31) -> 4.25 | J31: =SUM(B31:F31) -> 17 | K31: =AVERAGE(B31:F31) -> 4.25
A32: 31 | B32: 4 | C32: 5 | D32: 4 | E32: 5 | H32: =SUM(B32:E32) -> 18 | I32: =AVERAGE(B32:E32) -> 4.5 | J32: =SUM(B32:F32) -> 18 | K32: =AVERAGE(B32:F32) -> 4.5
A33: 32 | B33: 3 | C33: 4 | D33: 5 | E33: 5 | H33: =SUM(B33:E33) -> 17 | I33: =AVERAGE(B33:E33) -> 4.25 | J33: =SUM(B33:F33) -> 17 | K33: =AVERAGE(B33:F33) -> 4.25
A34: 33 | B34: 4 | C34: 4 | D34: 4 | E34: 5 | G34: gutes Beispiel für Noise Reaction | H34: =SUM(B34:E34) -> 17 | I34: =AVERAGE(B34:E34) -> 4.25 | J34: =SUM(B34:F34) -> 17 | K34: =AVERAGE(B34:F34) -> 4.25
A35: 34 | B35: 5 | C35: 5 | D35: 4 | E35: 4 | F35: 3 | G35: Regentropfen nicht erkannt | H35: =SUM(B35:E35) -> 18 | I35: =AVERAGE(B35:E35) -> 4.5 | J35: =SUM(B35:F35) -> 21 | K35: =AVERAGE(B35:F35) -> 4.2
A36: 35 | B36: 5 | C36: 5 | D36: 5 | E36: 5 | F36: 3 | G36: Regentropfen erkannt | H36: =SUM(B36:E36) -> 20 | I36: =AVERAGE(B36:E36) -> 5 | J36: =SUM(B36:F36) -> 23 | K36: =AVERAGE(B36:F36) -> 4.6
A37: 36 | B37: 4 | C37: 4 | D37: 5 | E37: 5 | H37: =SUM(B37:E37) -> 18 | I37: =AVERAGE(B37:E37) -> 4.5 | J37: =SUM(B37:F37) -> 18 | K37: =AVERAGE(B37:F37) -> 4.5
A38: 37 | B38: 4 | C38: 5 | D38: 4 | E38: 5 | H38: =SUM(B38:E38) -> 18 | I38: =AVERAGE(B38:E38) -> 4.5 | J38: =SUM(B38:F38) -> 18 | K38: =AVERAGE(B38:F38) -> 4.5
A39: 38 | B39: 4 | C39: 5 | D39: 4 | E39: 5 | H39: =SUM(B39:E39) -> 18 | I39: =AVERAGE(B39:E39) -> 4.5 | J39: =SUM(B39:F39) -> 18 | K39: =AVERAGE(B39:F39) -> 4.5
A40: 39 | B40: 4 | C40: 5 | D40: 5 | E40: 5 | H40: =SUM(B40:E40) -> 19 | I40: =AVERAGE(B40:E40) -> 4.75 | J40: =SUM(B40:F40) -> 19 | K40: =AVERAGE(B40:F40) -> 4.75
A41: 40 | B41: 0 | C41: 0 | D41: 0 | E41: 0 | G41: Bild nicht bearbeitet | H41: =SUM(B41:E41) -> 0 | I41: =AVERAGE(B41:E41) -> 0 | J41: =SUM(B41:F41) -> 0 | K41: =AVERAGE(B41:F41) -> 0
A42: 41 | B42: 3 | C42: 2 | D42: 4 | E42: 3 | F42: 2 | G42: auf beiden bildern rechte seite sehr hell und unerkenntlich | H42: =SUM(B42:E42) -> 12 | I42: =AVERAGE(B42:E42) -> 3 | J42: =SUM(B42:F42) -> 14 | K42: =AVERAGE(B42:F42) -> 2.8
A43: 42 | B43: 3 | C43: 4 | D43: 4 | E43: 4 | F43: 2 | H43: =SUM(B43:E43) -> 15 | I43: =AVERAGE(B43:E43) -> 3.75 | J43: =SUM(B43:F43) -> 17 | K43: =AVERAGE(B43:F43) -> 3.4
A44: 43 | B44: 3 | C44: 3 | D44: 2 | E44: 5 | G44: --> passiert viel auf den bildern, tut sich das modell schwer, alles adäquat zu beschreiben | H44: =SUM(B44:E44) -> 13 | I44: =AVERAGE(B44:E44) -> 3.25 | J44: =SUM(B44:F44) -> 13 | K44: =AVERAGE(B44:F44) -> 3.25
A45: 44 | B45: 4 | C45: 5 | D45: 4 | E45: 5 | H45: =SUM(B45:E45) -> 18 | I45: =AVERAGE(B45:E45) -> 4.5 | J45: =SUM(B45:F45) -> 18 | K45: =AVERAGE(B45:F45) -> 4.5
A46: 45 | B46: 4 | C46: 5 | D46: 5 | E46: 5 | H46: =SUM(B46:E46) -> 19 | I46: =AVERAGE(B46:E46) -> 4.75 | J46: =SUM(B46:F46) -> 19 | K46: =AVERAGE(B46:F46) -> 4.75
A47: 46 | B47: 4 | C47: 5 | D47: 3 | E47: 5 | H47: =SUM(B47:E47) -> 17 | I47: =AVERAGE(B47:E47) -> 4.25 | J47: =SUM(B47:F47) -> 17 | K47: =AVERAGE(B47:F47) -> 4.25
A48: 47 | B48: 2 | C48: 2 | D48: 5 | E48: 5 | G48: ähnlich zu 45 | H48: =SUM(B48:E48) -> 14 | I48: =AVERAGE(B48:E48) -> 3.5 | J48: =SUM(B48:F48) -> 14 | K48: =AVERAGE(B48:F48) -> 3.5
A49: 48 | B49: 4 | C49: 5 | D49: 3 | E49: 5 | F49: 2 | G49: hat stichpunkte | H49: =SUM(B49:E49) -> 17 | I49: =AVERAGE(B49:E49) -> 4.25 | J49: =SUM(B49:F49) -> 19 | K49: =AVERAGE(B49:F49) -> 3.8
A50: 49 | B50: 4 | C50: 5 | D50: 5 | E50: 5 | F50: 2 | G50: keine stichpunkte | H50: =SUM(B50:E50) -> 19 | I50: =AVERAGE(B50:E50) -> 4.75 | J50: =SUM(B50:F50) -> 21 | K50: =AVERAGE(B50:F50) -> 4.2
A51: 50 | B51: 3 | C51: 3 | D51: 4 | E51: 5 | H51: =SUM(B51:E51) -> 15 | I51: =AVERAGE(B51:E51) -> 3.75 | J51: =SUM(B51:F51) -> 15 | K51: =AVERAGE(B51:F51) -> 3.75
A52: 51 | B52: 4 | C52: 5 | D52: 4 | E52: 5 | H52: =SUM(B52:E52) -> 18 | I52: =AVERAGE(B52:E52) -> 4.5 | J52: =SUM(B52:F52) -> 18 | K52: =AVERAGE(B52:F52) -> 4.5
A53: 52 | B53: 5 | C53: 5 | D53: 5 | E53: 5 | G53: erstes mal „facing backward“ | H53: =SUM(B53:E53) -> 20 | I53: =AVERAGE(B53:E53) -> 5 | J53: =SUM(B53:F53) -> 20 | K53: =AVERAGE(B53:F53) -> 5
A54: 53 | B54: 3 | C54: 4 | D54: 4 | E54: 5 | H54: =SUM(B54:E54) -> 16 | I54: =AVERAGE(B54:E54) -> 4 | J54: =SUM(B54:F54) -> 16 | K54: =AVERAGE(B54:F54) -> 4
A55: 54 | B55: 3 | C55: 5 | D55: 4 | E55: 5 | H55: =SUM(B55:E55) -> 17 | I55: =AVERAGE(B55:E55) -> 4.25 | J55: =SUM(B55:F55) -> 17 | K55: =AVERAGE(B55:F55) -> 4.25
A56: 55 | B56: 5 | C56: 5 | D56: 4 | E56: 5 | F56: 3 | H56: =SUM(B56:E56) -> 19 | I56: =AVERAGE(B56:E56) -> 4.75 | J56: =SUM(B56:F56) -> 22 | K56: =AVERAGE(B56:F56) -> 4.4
A57: 56 | B57: 5 | C57: 5 | D57: 4 | E57: 4 | F57: 3 | H57: =SUM(B57:E57) -> 18 | I57: =AVERAGE(B57:E57) -> 4.5 | J57: =SUM(B57:F57) -> 21 | K57: =AVERAGE(B57:F57) -> 4.2
A58: 57 | B58: 4 | C58: 4 | D58: 5 | E58: 5 | G58: sonnenstrahlen gut erkannt | H58: =SUM(B58:E58) -> 18 | I58: =AVERAGE(B58:E58) -> 4.5 | J58: =SUM(B58:F58) -> 18 | K58: =AVERAGE(B58:F58) -> 4.5
A59: 58 | B59: 4 | C59: 3 | D59: 3 | E59: 5 | G59: sonnenstrahlen gut erkannt | H59: =SUM(B59:E59) -> 15 | I59: =AVERAGE(B59:E59) -> 3.75 | J59: =SUM(B59:F59) -> 15 | K59: =AVERAGE(B59:F59) -> 3.75
A60: 59 | B60: 4 | C60: 4 | D60: 4 | E60: 5 | G60: sonnenstrahlen gut erkannt | H60: =SUM(B60:E60) -> 17 | I60: =AVERAGE(B60:E60) -> 4.25 | J60: =SUM(B60:F60) -> 17 | K60: =AVERAGE(B60:F60) -> 4.25
A61: 60 | B61: 4 | C61: 4 | D61: 5 | E61: 5 | G61: sonnenstrahlen gut erkannt | H61: =SUM(B61:E61) -> 18 | I61: =AVERAGE(B61:E61) -> 4.5 | J61: =SUM(B61:F61) -> 18 | K61: =AVERAGE(B61:F61) -> 4.5
A62: 61 | B62: 3 | C62: 3 | D62: 5 | E62: 4 | H62: =SUM(B62:E62) -> 15 | I62: =AVERAGE(B62:E62) -> 3.75 | J62: =SUM(B62:F62) -> 15 | K62: =AVERAGE(B62:F62) -> 3.75
A63: 62 | B63: 5 | C63: 4 | D63: 5 | E63: 5 | F63: 2 | G63: stichpunkte | H63: =SUM(B63:E63) -> 19 | I63: =AVERAGE(B63:E63) -> 4.75 | J63: =SUM(B63:F63) -> 21 | K63: =AVERAGE(B63:F63) -> 4.2
A64: 63 | B64: 5 | C64: 4 | D64: 3 | E64: 4 | F64: 2 | G64: keine stichpunkte | H64: =SUM(B64:E64) -> 16 | I64: =AVERAGE(B64:E64) -> 4 | J64: =SUM(B64:F64) -> 18 | K64: =AVERAGE(B64:F64) -> 3.6
A65: 64 | B65: 4 | C65: 5 | D65: 5 | E65: 5 | H65: =SUM(B65:E65) -> 19 | I65: =AVERAGE(B65:E65) -> 4.75 | J65: =SUM(B65:F65) -> 19 | K65: =AVERAGE(B65:F65) -> 4.75
A66: 65 | B66: 4 | C66: 5 | D66: 3 | E66: 5 | H66: =SUM(B66:E66) -> 17 | I66: =AVERAGE(B66:E66) -> 4.25 | J66: =SUM(B66:F66) -> 17 | K66: =AVERAGE(B66:F66) -> 4.25
A67: 66 | B67: 4 | C67: 4 | D67: 5 | E67: 5 | H67: =SUM(B67:E67) -> 18 | I67: =AVERAGE(B67:E67) -> 4.5 | J67: =SUM(B67:F67) -> 18 | K67: =AVERAGE(B67:F67) -> 4.5
A68: 67 | B68: 4 | C68: 4 | D68: 4 | E68: 5 | H68: =SUM(B68:E68) -> 17 | I68: =AVERAGE(B68:E68) -> 4.25 | J68: =SUM(B68:F68) -> 17 | K68: =AVERAGE(B68:F68) -> 4.25
A69: 68 | B69: 4 | C69: 5 | D69: 5 | E69: 5 | H69: =SUM(B69:E69) -> 19 | I69: =AVERAGE(B69:E69) -> 4.75 | J69: =SUM(B69:F69) -> 19 | K69: =AVERAGE(B69:F69) -> 4.75
A70: 69 | B70: 5 | C70: 4 | D70: 4 | E70: 5 | F70: 5 | G70: zwischen den beiden bildern ist ein satz verschieden, ansonsten komplett identisch | H70: =SUM(B70:E70) -> 18 | I70: =AVERAGE(B70:E70) -> 4.5 | J70: =SUM(B70:F70) -> 23 | K70: =AVERAGE(B70:F70) -> 4.6
A71: 70 | B71: 5 | C71: 5 | D71: 4 | E71: 5 | F71: 5 | H71: =SUM(B71:E71) -> 19 | I71: =AVERAGE(B71:E71) -> 4.75 | J71: =SUM(B71:F71) -> 24 | K71: =AVERAGE(B71:F71) -> 4.8
A72: 71 | B72: 2 | C72: 1 | D72: 4 | E72: 5 | H72: =SUM(B72:E72) -> 12 | I72: =AVERAGE(B72:E72) -> 3 | J72: =SUM(B72:F72) -> 12 | K72: =AVERAGE(B72:F72) -> 3
A73: 72 | B73: 4 | C73: 4 | D73: 5 | E73: 5 | H73: =SUM(B73:E73) -> 18 | I73: =AVERAGE(B73:E73) -> 4.5 | J73: =SUM(B73:F73) -> 18 | K73: =AVERAGE(B73:F73) -> 4.5
A74: 73 | B74: 4 | C74: 5 | D74: 5 | E74: 5 | H74: =SUM(B74:E74) -> 19 | I74: =AVERAGE(B74:E74) -> 4.75 | J74: =SUM(B74:F74) -> 19 | K74: =AVERAGE(B74:F74) -> 4.75
A75: 74 | B75: 4 | C75: 4 | D75: 3 | E75: 5 | H75: =SUM(B75:E75) -> 16 | I75: =AVERAGE(B75:E75) -> 4 | J75: =SUM(B75:F75) -> 16 | K75: =AVERAGE(B75:F75) -> 4
A76: 75 | B76: 4 | C76: 4 | D76: 5 | E76: 5 | H76: =SUM(B76:E76) -> 18 | I76: =AVERAGE(B76:E76) -> 4.5 | J76: =SUM(B76:F76) -> 18 | K76: =AVERAGE(B76:F76) -> 4.5
A77: 76 | B77: 4 | C77: 5 | D77: 4 | E77: 4 | F77: 3 | H77: =SUM(B77:E77) -> 17 | I77: =AVERAGE(B77:E77) -> 4.25 | J77: =SUM(B77:F77) -> 20 | K77: =AVERAGE(B77:F77) -> 4
A78: 77 | B78: 4 | C78: 5 | D78: 5 | E78: 5 | F78: 3 | H78: =SUM(B78:E78) -> 19 | I78: =AVERAGE(B78:E78) -> 4.75 | J78: =SUM(B78:F78) -> 22 | K78: =AVERAGE(B78:F78) -> 4.4
A80: SUMME | B80: =SUM(B2:B78) -> 291 | C80: =SUM(C2:C78) -> 333 | D80: =SUM(D2:D78) -> 326 | E80: =SUM(E2:E78) -> 369 | F80: =SUM(F2:F78) -> 68 | H80: =SUM(H2:H78) -> 1319 | I80: =SUM(I2:I78) -> 329.75 | J80: =SUM(J2:J78) -> 1387 | K80: =SUM(K2:K78) -> 323.7
A81: AVERAGE | B81: =AVERAGE(B2:B78) -> 3.7792208 | C81: =AVERAGE(C2:C78) -> 4.3246753 | D81: =AVERAGE(D2:D78) -> 4.2337662 | E81: =AVERAGE(E2:E78) -> 4.7922078 | F81: =AVERAGE(F2:F78) -> 3.0909091 | H81: =AVERAGE(H2:H78) -> 17.12987 | I81: =AVERAGE(I2:I78) -> 4.2824675 | J81: =AVERAGE(J2:J78) -> 18.012987 | K81: =AVERAGE(K2:K78) -> 4.2038961

Sheet Dashboard
A1: Auswertung Bewertungsmatrix GPT‑4o
A3: Anzahl Bilder | B3: =COUNT(Bewertung!A2:A78) -> 77
A4: Ø Kernkriterien | B4: =AVERAGE(Bewertung!I2:I78) -> 4.2824675
A5: Ø inkl. Konsistenz | B5: =AVERAGE(Bewertung!K2:K78) -> 4.2038961
A6: Bewertete Konsistenz-Fälle | B6: =COUNT(Bewertung!F2:F78) -> 22
A8: Kriterium | B8: Summe | C8: Durchschnitt | D8: Anzahl | E8: Hinweis
A9: Inhaltliche Genauigkeit | B9: =SUM(Bewertung!B2:B78) -> 291 | C9: =AVERAGE(Bewertung!B2:B78) -> 3.7792208 | D9: =COUNT(Bewertung!B2:B78) -> 77
A10: Halluzinationen | B10: =SUM(Bewertung!C2:C78) -> 333 | C10: =AVERAGE(Bewertung!C2:C78) -> 4.3246753 | D10: =COUNT(Bewertung!C2:C78) -> 77 | E10: Hohe Werte = wenige/keine Halluzinationen
A11: Detailtiefe | B11: =SUM(Bewertung!D2:D78) -> 326 | C11: =AVERAGE(Bewertung!D2:D78) -> 4.2337662 | D11: =COUNT(Bewertung!D2:D78) -> 77
A12: Robustheit | B12: =SUM(Bewertung!E2:E78) -> 369 | C12: =AVERAGE(Bewertung!E2:E78) -> 4.7922078 | D12: =COUNT(Bewertung!E2:E78) -> 77
A13: Konsistenz | B13: =SUM(Bewertung!F2:F78) -> 68 | C13: =AVERAGE(Bewertung!F2:F78) -> 3.0909091 | D13: =COUNT(Bewertung!F2:F78) -> 22 | E13: Nur dort sinnvoll, wo Vergleichsbilder bewertet wurden
A16: Top 10 nach Ø Kernkriterien
A17: Rang | B17: Bild | C17: Ø Kernkriterien | D17: Kommentar
A18: 1 | B18: 14 | C18: 5
A19: 2 | B19: 21 | C19: 5
A20: 3 | B20: 35 | C20: 5 | D20: Regentropfen erkannt
A21: 4 | B21: 52 | C21: 5 | D21: erstes mal „facing backward“
A22: 5 | B22: 3 | C22: 4.75
A23: 6 | B23: 8 | C23: 4.75
A24: 7 | B24: 13 | C24: 4.75
A25: 8 | B25: 20 | C25: 4.75
A26: 9 | B26: 22 | C26: 4.75
A27: 10 | B27: 24 | C27: 4.75
