Workbook

Sheet Bewertung
A1: BILDER | B1: INHALTL. GENAUIGKEIT | C1: HALLUZINATIONEN | D1: DETAILTIEFE | E1: ROBUSTHEIT | F1: KONSISTENZ | G1: Kommentar / Kosten später | H1: Summe Kernkriterien | I1: Ø Kernkriterien | J1: Summe inkl. Konsistenz | K1: Ø inkl. Konsistenz | L1: Rang Kern
A2: 1 | B2: 4 | C2: 3 | D2: 5 | E2: 5 | H2: =SUM(B2:E2) -> 17 | I2: =AVERAGE(B2:E2) -> 4.25 | J2: =SUM(B2:F2) -> 17 | K2: =AVERAGE(B2:F2) -> 4.25 | L2: =rank.eq(I2,$I$2:$I$78,0)+COUNTIF($I$2:I2,I2)-1 -> #NAME?
A3: 2 | B3: 3 | C3: 3 | D3: 5 | E3: 5 | H3: =SUM(B3:E3) -> 16 | I3: =AVERAGE(B3:E3) -> 4 | J3: =SUM(B3:F3) -> 16 | K3: =AVERAGE(B3:F3) -> 4 | L3: =rank.eq(I3,$I$2:$I$78,0)+COUNTIF($I$2:I3,I3)-1 -> #NAME?
A4: 3 | B4: 3 | C4: 2 | D4: 4 | E4: 5 | H4: =SUM(B4:E4) -> 14 | I4: =AVERAGE(B4:E4) -> 3.5 | J4: =SUM(B4:F4) -> 14 | K4: =AVERAGE(B4:F4) -> 3.5 | L4: =rank.eq(I4,$I$2:$I$78,0)+COUNTIF($I$2:I4,I4)-1 -> #NAME?
A5: 4 | B5: 3 | C5: 3 | D5: 4 | E5: 5 | H5: =SUM(B5:E5) -> 15 | I5: =AVERAGE(B5:E5) -> 3.75 | J5: =SUM(B5:F5) -> 15 | K5: =AVERAGE(B5:F5) -> 3.75 | L5: =rank.eq(I5,$I$2:$I$78,0)+COUNTIF($I$2:I5,I5)-1 -> #NAME?
A6: 5 | B6: 2 | C6: 4 | D6: 3 | E6: 5 | H6: =SUM(B6:E6) -> 14 | I6: =AVERAGE(B6:E6) -> 3.5 | J6: =SUM(B6:F6) -> 14 | K6: =AVERAGE(B6:F6) -> 3.5 | L6: =rank.eq(I6,$I$2:$I$78,0)+COUNTIF($I$2:I6,I6)-1 -> #NAME?
A7: 6 | B7: 3 | C7: 1 | D7: 3 | E7: 5 | F7: 2 | H7: =SUM(B7:E7) -> 12 | I7: =AVERAGE(B7:E7) -> 3 | J7: =SUM(B7:F7) -> 14 | K7: =AVERAGE(B7:F7) -> 2.8 | L7: =rank.eq(I7,$I$2:$I$78,0)+COUNTIF($I$2:I7,I7)-1 -> #NAME?
A8: 7 | B8: 2 | C8: 2 | D8: 3 | E8: 5 | F8: 2 | H8: =SUM(B8:E8) -> 12 | I8: =AVERAGE(B8:E8) -> 3 | J8: =SUM(B8:F8) -> 14 | K8: =AVERAGE(B8:F8) -> 2.8 | L8: =rank.eq(I8,$I$2:$I$78,0)+COUNTIF($I$2:I8,I8)-1 -> #NAME?
A9: 8 | B9: 3 | C9: 3 | D9: 2 | E9: 5 | G9: schafft es besser die location der kamera zu erkennen als 4o | H9: =SUM(B9:E9) -> 13 | I9: =AVERAGE(B9:E9) -> 3.25 | J9: =SUM(B9:F9) -> 13 | K9: =AVERAGE(B9:F9) -> 3.25 | L9: =rank.eq(I9,$I$2:$I$78,0)+COUNTIF($I$2:I9,I9)-1 -> #NAME?
A10: 9 | B10: 3 | C10: 4 | D10: 4 | E10: 5 | G10: begriffe für landwirtschaftliche geräte weniger gut | H10: =SUM(B10:E10) -> 16 | I10: =AVERAGE(B10:E10) -> 4 | J10: =SUM(B10:F10) -> 16 | K10: =AVERAGE(B10:F10) -> 4 | L10: =rank.eq(I10,$I$2:$I$78,0)+COUNTIF($I$2:I10,I10)-1 -> #NAME?
A11: 10 | B11: 3 | C11: 4 | D11: 2 | E11: 4 | H11: =SUM(B11:E11) -> 13 | I11: =AVERAGE(B11:E11) -> 3.25 | J11: =SUM(B11:F11) -> 13 | K11: =AVERAGE(B11:F11) -> 3.25 | L11: =rank.eq(I11,$I$2:$I$78,0)+COUNTIF($I$2:I11,I11)-1 -> #NAME?
A12: 11 | B12: 3 | C12: 2 | D12: 4 | E12: 5 | H12: =SUM(B12:E12) -> 14 | I12: =AVERAGE(B12:E12) -> 3.5 | J12: =SUM(B12:F12) -> 14 | K12: =AVERAGE(B12:F12) -> 3.5 | L12: =rank.eq(I12,$I$2:$I$78,0)+COUNTIF($I$2:I12,I12)-1 -> #NAME?
A13: 12 | B13: 4 | C13: 3 | D13: 4 | E13: 5 | H13: =SUM(B13:E13) -> 16 | I13: =AVERAGE(B13:E13) -> 4 | J13: =SUM(B13:F13) -> 16 | K13: =AVERAGE(B13:F13) -> 4 | L13: =rank.eq(I13,$I$2:$I$78,0)+COUNTIF($I$2:I13,I13)-1 -> #NAME?
A14: 13 | B14: 4 | C14: 4 | D14: 3 | E14: 5 | F14: 3 | H14: =SUM(B14:E14) -> 16 | I14: =AVERAGE(B14:E14) -> 4 | J14: =SUM(B14:F14) -> 19 | K14: =AVERAGE(B14:F14) -> 3.8 | L14: =rank.eq(I14,$I$2:$I$78,0)+COUNTIF($I$2:I14,I14)-1 -> #NAME?
A15: 14 | B15: 4 | C15: 3 | D15: 4 | E15: 5 | F15: 3 | H15: =SUM(B15:E15) -> 16 | I15: =AVERAGE(B15:E15) -> 4 | J15: =SUM(B15:F15) -> 19 | K15: =AVERAGE(B15:F15) -> 3.8 | L15: =rank.eq(I15,$I$2:$I$78,0)+COUNTIF($I$2:I15,I15)-1 -> #NAME?
A16: 15 | B16: 3 | C16: 2 | D16: 2 | E16: 5 | H16: =SUM(B16:E16) -> 12 | I16: =AVERAGE(B16:E16) -> 3 | J16: =SUM(B16:F16) -> 12 | K16: =AVERAGE(B16:F16) -> 3 | L16: =rank.eq(I16,$I$2:$I$78,0)+COUNTIF($I$2:I16,I16)-1 -> #NAME?
A17: 16 | B17: 3 | C17: 3 | D17: 4 | E17: 5 | H17: =SUM(B17:E17) -> 15 | I17: =AVERAGE(B17:E17) -> 3.75 | J17: =SUM(B17:F17) -> 15 | K17: =AVERAGE(B17:F17) -> 3.75 | L17: =rank.eq(I17,$I$2:$I$78,0)+COUNTIF($I$2:I17,I17)-1 -> #NAME?
A18: 17 | B18: 5 | C18: 5 | D18: 4 | E18: 5 | H18: =SUM(B18:E18) -> 19 | I18: =AVERAGE(B18:E18) -> 4.75 | J18: =SUM(B18:F18) -> 19 | K18: =AVERAGE(B18:F18) -> 4.75 | L18: =rank.eq(I18,$I$2:$I$78,0)+COUNTIF($I$2:I18,I18)-1 -> #NAME?
A19: 18 | B19: 3 | C19: 3 | D19: 3 | E19: 5 | H19: =SUM(B19:E19) -> 14 | I19: =AVERAGE(B19:E19) -> 3.5 | J19: =SUM(B19:F19) -> 14 | K19: =AVERAGE(B19:F19) -> 3.5 | L19: =rank.eq(I19,$I$2:$I$78,0)+COUNTIF($I$2:I19,I19)-1 -> #NAME?
A20: 19 | B20: 2 | C20: 4 | D20: 0 | E20: 4 | H20: =SUM(B20:E20) -> 10 | I20: =AVERAGE(B20:E20) -> 2.5 | J20: =SUM(B20:F20) -> 10 | K20: =AVERAGE(B20:F20) -> 2.5 | L20: =rank.eq(I20,$I$2:$I$78,0)+COUNTIF($I$2:I20,I20)-1 -> #NAME?
A21: 20 | B21: 3 | C21: 4 | D21: 4 | E21: 5 | F21: 4 | H21: =SUM(B21:E21) -> 16 | I21: =AVERAGE(B21:E21) -> 4 | J21: =SUM(B21:F21) -> 20 | K21: =AVERAGE(B21:F21) -> 4 | L21: =rank.eq(I21,$I$2:$I$78,0)+COUNTIF($I$2:I21,I21)-1 -> #NAME?
A22: 21 | B22: 5 | C22: 5 | D22: 4 | E22: 5 | F22: 4 | H22: =SUM(B22:E22) -> 19 | I22: =AVERAGE(B22:E22) -> 4.75 | J22: =SUM(B22:F22) -> 23 | K22: =AVERAGE(B22:F22) -> 4.6 | L22: =rank.eq(I22,$I$2:$I$78,0)+COUNTIF($I$2:I22,I22)-1 -> #NAME?
A23: 22 | B23: 2 | C23: 3 | D23: 3 | E23: 5 | H23: =SUM(B23:E23) -> 13 | I23: =AVERAGE(B23:E23) -> 3.25 | J23: =SUM(B23:F23) -> 13 | K23: =AVERAGE(B23:F23) -> 3.25 | L23: =rank.eq(I23,$I$2:$I$78,0)+COUNTIF($I$2:I23,I23)-1 -> #NAME?
A24: 23 | B24: 2 | C24: 4 | D24: 2 | E24: 4 | H24: =SUM(B24:E24) -> 12 | I24: =AVERAGE(B24:E24) -> 3 | J24: =SUM(B24:F24) -> 12 | K24: =AVERAGE(B24:F24) -> 3 | L24: =rank.eq(I24,$I$2:$I$78,0)+COUNTIF($I$2:I24,I24)-1 -> #NAME?
A25: 24 | B25: 2 | C25: 3 | D25: 5 | E25: 5 | H25: =SUM(B25:E25) -> 15 | I25: =AVERAGE(B25:E25) -> 3.75 | J25: =SUM(B25:F25) -> 15 | K25: =AVERAGE(B25:F25) -> 3.75 | L25: =rank.eq(I25,$I$2:$I$78,0)+COUNTIF($I$2:I25,I25)-1 -> #NAME?
A26: 25 | B26: 4 | C26: 4 | D26: 4 | E26: 5 | H26: =SUM(B26:E26) -> 17 | I26: =AVERAGE(B26:E26) -> 4.25 | J26: =SUM(B26:F26) -> 17 | K26: =AVERAGE(B26:F26) -> 4.25 | L26: =rank.eq(I26,$I$2:$I$78,0)+COUNTIF($I$2:I26,I26)-1 -> #NAME?
A27: 26 | B27: 4 | C27: 3 | D27: 5 | E27: 4 | H27: =SUM(B27:E27) -> 16 | I27: =AVERAGE(B27:E27) -> 4 | J27: =SUM(B27:F27) -> 16 | K27: =AVERAGE(B27:F27) -> 4 | L27: =rank.eq(I27,$I$2:$I$78,0)+COUNTIF($I$2:I27,I27)-1 -> #NAME?
A28: 27 | B28: 4 | C28: 5 | D28: 3 | E28: 5 | F28: 3 | H28: =SUM(B28:E28) -> 17 | I28: =AVERAGE(B28:E28) -> 4.25 | J28: =SUM(B28:F28) -> 20 | K28: =AVERAGE(B28:F28) -> 4 | L28: =rank.eq(I28,$I$2:$I$78,0)+COUNTIF($I$2:I28,I28)-1 -> #NAME?
A29: 28 | B29: 3 | C29: 5 | D29: 3 | E29: 5 | F29: 3 | H29: =SUM(B29:E29) -> 16 | I29: =AVERAGE(B29:E29) -> 4 | J29: =SUM(B29:F29) -> 19 | K29: =AVERAGE(B29:F29) -> 3.8 | L29: =rank.eq(I29,$I$2:$I$78,0)+COUNTIF($I$2:I29,I29)-1 -> #NAME?
A30: 29 | B30: 1 | C30: 5 | D30: 4 | E30: 5 | H30: =SUM(B30:E30) -> 15 | I30: =AVERAGE(B30:E30) -> 3.75 | J30: =SUM(B30:F30) -> 15 | K30: =AVERAGE(B30:F30) -> 3.75 | L30: =rank.eq(I30,$I$2:$I$78,0)+COUNTIF($I$2:I30,I30)-1 -> #NAME?
A31: 30 | B31: 4 | C31: 4 | D31: 3 | E31: 4 | H31: =SUM(B31:E31) -> 15 | I31: =AVERAGE(B31:E31) -> 3.75 | J31: =SUM(B31:F31) -> 15 | K31: =AVERAGE(B31:F31) -> 3.75 | L31: =rank.eq(I31,$I$2:$I$78,0)+COUNTIF($I$2:I31,I31)-1 -> #NAME?
A32: 31 | B32: 3 | C32: 3 | D32: 3 | E32: 5 | H32: =SUM(B32:E32) -> 14 | I32: =AVERAGE(B32:E32) -> 3.5 | J32: =SUM(B32:F32) -> 14 | K32: =AVERAGE(B32:F32) -> 3.5 | L32: =rank.eq(I32,$I$2:$I$78,0)+COUNTIF($I$2:I32,I32)-1 -> #NAME?
A33: 32 | B33: 3 | C33: 3 | D33: 5 | E33: 5 | H33: =SUM(B33:E33) -> 16 | I33: =AVERAGE(B33:E33) -> 4 | J33: =SUM(B33:F33) -> 16 | K33: =AVERAGE(B33:F33) -> 4 | L33: =rank.eq(I33,$I$2:$I$78,0)+COUNTIF($I$2:I33,I33)-1 -> #NAME?
A34: 33 | B34: 2 | C34: 2 | D34: 5 | E34: 4 | H34: =SUM(B34:E34) -> 13 | I34: =AVERAGE(B34:E34) -> 3.25 | J34: =SUM(B34:F34) -> 13 | K34: =AVERAGE(B34:F34) -> 3.25 | L34: =rank.eq(I34,$I$2:$I$78,0)+COUNTIF($I$2:I34,I34)-1 -> #NAME?
A35: 34 | B35: 5 | C35: 5 | D35: 3 | E35: 3 | F35: 2 | G35: regentropfen nicht erkannt | H35: =SUM(B35:E35) -> 16 | I35: =AVERAGE(B35:E35) -> 4 | J35: =SUM(B35:F35) -> 18 | K35: =AVERAGE(B35:F35) -> 3.6 | L35: =rank.eq(I35,$I$2:$I$78,0)+COUNTIF($I$2:I35,I35)-1 -> #NAME?
A36: 35 | B36: 5 | C36: 4 | D36: 3 | E36: 4 | F36: 2 | G36: hier regentropfen wieder erkannt | H36: =SUM(B36:E36) -> 16 | I36: =AVERAGE(B36:E36) -> 4 | J36: =SUM(B36:F36) -> 18 | K36: =AVERAGE(B36:F36) -> 3.6 | L36: =rank.eq(I36,$I$2:$I$78,0)+COUNTIF($I$2:I36,I36)-1 -> #NAME?
A37: 36 | B37: 2 | C37: 4 | D37: 4 | E37: 5 | G37: cultivator erkannt- glaube 4o konnte das nicht | H37: =SUM(B37:E37) -> 15 | I37: =AVERAGE(B37:E37) -> 3.75 | J37: =SUM(B37:F37) -> 15 | K37: =AVERAGE(B37:F37) -> 3.75 | L37: =rank.eq(I37,$I$2:$I$78,0)+COUNTIF($I$2:I37,I37)-1 -> #NAME?
A38: 37 | B38: 2 | C38: 4 | D38: 4 | E38: 5 | H38: =SUM(B38:E38) -> 15 | I38: =AVERAGE(B38:E38) -> 3.75 | J38: =SUM(B38:F38) -> 15 | K38: =AVERAGE(B38:F38) -> 3.75 | L38: =rank.eq(I38,$I$2:$I$78,0)+COUNTIF($I$2:I38,I38)-1 -> #NAME?
A39: 38 | B39: 3 | C39: 4 | D39: 4 | E39: 5 | H39: =SUM(B39:E39) -> 16 | I39: =AVERAGE(B39:E39) -> 4 | J39: =SUM(B39:F39) -> 16 | K39: =AVERAGE(B39:F39) -> 4 | L39: =rank.eq(I39,$I$2:$I$78,0)+COUNTIF($I$2:I39,I39)-1 -> #NAME?
A40: 39 | B40: 5 | C40: 4 | D40: 4 | E40: 5 | H40: =SUM(B40:E40) -> 18 | I40: =AVERAGE(B40:E40) -> 4.5 | J40: =SUM(B40:F40) -> 18 | K40: =AVERAGE(B40:F40) -> 4.5 | L40: =rank.eq(I40,$I$2:$I$78,0)+COUNTIF($I$2:I40,I40)-1 -> #NAME?
A41: 40 | B41: 3 | C41: 3 | D41: 5 | E41: 5 | H41: =SUM(B41:E41) -> 16 | I41: =AVERAGE(B41:E41) -> 4 | J41: =SUM(B41:F41) -> 16 | K41: =AVERAGE(B41:F41) -> 4 | L41: =rank.eq(I41,$I$2:$I$78,0)+COUNTIF($I$2:I41,I41)-1 -> #NAME?
A42: 41 | B42: 3 | C42: 3 | D42: 5 | E42: 4 | F42: 3 | H42: =SUM(B42:E42) -> 15 | I42: =AVERAGE(B42:E42) -> 3.75 | J42: =SUM(B42:F42) -> 18 | K42: =AVERAGE(B42:F42) -> 3.6 | L42: =rank.eq(I42,$I$2:$I$78,0)+COUNTIF($I$2:I42,I42)-1 -> #NAME?
A43: 42 | B43: 5 | C43: 5 | D43: 3 | E43: 5 | F43: 3 | H43: =SUM(B43:E43) -> 18 | I43: =AVERAGE(B43:E43) -> 4.5 | J43: =SUM(B43:F43) -> 21 | K43: =AVERAGE(B43:F43) -> 4.2 | L43: =rank.eq(I43,$I$2:$I$78,0)+COUNTIF($I$2:I43,I43)-1 -> #NAME?
A44: 43 | B44: 3 | C44: 3 | D44: 3 | E44: 5 | H44: =SUM(B44:E44) -> 14 | I44: =AVERAGE(B44:E44) -> 3.5 | J44: =SUM(B44:F44) -> 14 | K44: =AVERAGE(B44:F44) -> 3.5 | L44: =rank.eq(I44,$I$2:$I$78,0)+COUNTIF($I$2:I44,I44)-1 -> #NAME?
A45: 44 | B45: 4 | C45: 4 | D45: 1 | E45: 5 | H45: =SUM(B45:E45) -> 14 | I45: =AVERAGE(B45:E45) -> 3.5 | J45: =SUM(B45:F45) -> 14 | K45: =AVERAGE(B45:F45) -> 3.5 | L45: =rank.eq(I45,$I$2:$I$78,0)+COUNTIF($I$2:I45,I45)-1 -> #NAME?
A46: 45 | B46: 4 | C46: 5 | D46: 5 | E46: 5 | G46: feeding mixer erkannt im vergleich zu 4o | H46: =SUM(B46:E46) -> 19 | I46: =AVERAGE(B46:E46) -> 4.75 | J46: =SUM(B46:F46) -> 19 | K46: =AVERAGE(B46:F46) -> 4.75 | L46: =rank.eq(I46,$I$2:$I$78,0)+COUNTIF($I$2:I46,I46)-1 -> #NAME?
A47: 46 | B47: 1 | C47: 2 | D47: 3 | E47: 5 | H47: =SUM(B47:E47) -> 11 | I47: =AVERAGE(B47:E47) -> 2.75 | J47: =SUM(B47:F47) -> 11 | K47: =AVERAGE(B47:F47) -> 2.75 | L47: =rank.eq(I47,$I$2:$I$78,0)+COUNTIF($I$2:I47,I47)-1 -> #NAME?
A48: 47 | B48: 4 | C48: 5 | D48: 3 | E48: 4 | H48: =SUM(B48:E48) -> 16 | I48: =AVERAGE(B48:E48) -> 4 | J48: =SUM(B48:F48) -> 16 | K48: =AVERAGE(B48:F48) -> 4 | L48: =rank.eq(I48,$I$2:$I$78,0)+COUNTIF($I$2:I48,I48)-1 -> #NAME?
A49: 48 | B49: 5 | C49: 4 | D49: 2 | E49: 5 | F49: 3 | H49: =SUM(B49:E49) -> 16 | I49: =AVERAGE(B49:E49) -> 4 | J49: =SUM(B49:F49) -> 19 | K49: =AVERAGE(B49:F49) -> 3.8 | L49: =rank.eq(I49,$I$2:$I$78,0)+COUNTIF($I$2:I49,I49)-1 -> #NAME?
A50: 49 | B50: 5 | C50: 4 | D50: 3 | E50: 5 | F50: 3 | H50: =SUM(B50:E50) -> 17 | I50: =AVERAGE(B50:E50) -> 4.25 | J50: =SUM(B50:F50) -> 20 | K50: =AVERAGE(B50:F50) -> 4 | L50: =rank.eq(I50,$I$2:$I$78,0)+COUNTIF($I$2:I50,I50)-1 -> #NAME?
A51: 50 | B51: 2 | C51: 4 | D51: 3 | E51: 5 | H51: =SUM(B51:E51) -> 14 | I51: =AVERAGE(B51:E51) -> 3.5 | J51: =SUM(B51:F51) -> 14 | K51: =AVERAGE(B51:F51) -> 3.5 | L51: =rank.eq(I51,$I$2:$I$78,0)+COUNTIF($I$2:I51,I51)-1 -> #NAME?
A52: 51 | B52: 2 | C52: 1 | D52: 4 | E52: 5 | H52: =SUM(B52:E52) -> 12 | I52: =AVERAGE(B52:E52) -> 3 | J52: =SUM(B52:F52) -> 12 | K52: =AVERAGE(B52:F52) -> 3 | L52: =rank.eq(I52,$I$2:$I$78,0)+COUNTIF($I$2:I52,I52)-1 -> #NAME?
A53: 52 | B53: 3 | C53: 3 | D53: 5 | E53: 5 | H53: =SUM(B53:E53) -> 16 | I53: =AVERAGE(B53:E53) -> 4 | J53: =SUM(B53:F53) -> 16 | K53: =AVERAGE(B53:F53) -> 4 | L53: =rank.eq(I53,$I$2:$I$78,0)+COUNTIF($I$2:I53,I53)-1 -> #NAME?
A54: 53 | B54: 3 | C54: 1 | D54: 3 | E54: 5 | H54: =SUM(B54:E54) -> 12 | I54: =AVERAGE(B54:E54) -> 3 | J54: =SUM(B54:F54) -> 12 | K54: =AVERAGE(B54:F54) -> 3 | L54: =rank.eq(I54,$I$2:$I$78,0)+COUNTIF($I$2:I54,I54)-1 -> #NAME?
A55: 54 | B55: 3 | C55: 4 | D55: 2 | E55: 4 | H55: =SUM(B55:E55) -> 13 | I55: =AVERAGE(B55:E55) -> 3.25 | J55: =SUM(B55:F55) -> 13 | K55: =AVERAGE(B55:F55) -> 3.25 | L55: =rank.eq(I55,$I$2:$I$78,0)+COUNTIF($I$2:I55,I55)-1 -> #NAME?
A56: 55 | B56: 5 | C56: 5 | D56: 2 | E56: 5 | F56: 4 | H56: =SUM(B56:E56) -> 17 | I56: =AVERAGE(B56:E56) -> 4.25 | J56: =SUM(B56:F56) -> 21 | K56: =AVERAGE(B56:F56) -> 4.2 | L56: =rank.eq(I56,$I$2:$I$78,0)+COUNTIF($I$2:I56,I56)-1 -> #NAME?
A57: 56 | B57: 5 | C57: 5 | D57: 2 | E57: 5 | F57: 4 | H57: =SUM(B57:E57) -> 17 | I57: =AVERAGE(B57:E57) -> 4.25 | J57: =SUM(B57:F57) -> 21 | K57: =AVERAGE(B57:F57) -> 4.2 | L57: =rank.eq(I57,$I$2:$I$78,0)+COUNTIF($I$2:I57,I57)-1 -> #NAME?
A58: 57 | B58: 3 | C58: 3 | D58: 4 | E58: 5 | H58: =SUM(B58:E58) -> 15 | I58: =AVERAGE(B58:E58) -> 3.75 | J58: =SUM(B58:F58) -> 15 | K58: =AVERAGE(B58:F58) -> 3.75 | L58: =rank.eq(I58,$I$2:$I$78,0)+COUNTIF($I$2:I58,I58)-1 -> #NAME?
A59: 58 | B59: 2 | C59: 3 | D59: 3 | E59: 5 | H59: =SUM(B59:E59) -> 13 | I59: =AVERAGE(B59:E59) -> 3.25 | J59: =SUM(B59:F59) -> 13 | K59: =AVERAGE(B59:F59) -> 3.25 | L59: =rank.eq(I59,$I$2:$I$78,0)+COUNTIF($I$2:I59,I59)-1 -> #NAME?
A60: 59 | B60: 5 | C60: 5 | D60: 3 | E60: 4 | H60: =SUM(B60:E60) -> 17 | I60: =AVERAGE(B60:E60) -> 4.25 | J60: =SUM(B60:F60) -> 17 | K60: =AVERAGE(B60:F60) -> 4.25 | L60: =rank.eq(I60,$I$2:$I$78,0)+COUNTIF($I$2:I60,I60)-1 -> #NAME?
A61: 60 | B61: 3 | C61: 4 | D61: 4 | E61: 5 | H61: =SUM(B61:E61) -> 16 | I61: =AVERAGE(B61:E61) -> 4 | J61: =SUM(B61:F61) -> 16 | K61: =AVERAGE(B61:F61) -> 4 | L61: =rank.eq(I61,$I$2:$I$78,0)+COUNTIF($I$2:I61,I61)-1 -> #NAME?
A62: 61 | B62: 3 | C62: 3 | D62: 2 | E62: 5 | H62: =SUM(B62:E62) -> 13 | I62: =AVERAGE(B62:E62) -> 3.25 | J62: =SUM(B62:F62) -> 13 | K62: =AVERAGE(B62:F62) -> 3.25 | L62: =rank.eq(I62,$I$2:$I$78,0)+COUNTIF($I$2:I62,I62)-1 -> #NAME?
A63: 62 | B63: 4 | C63: 5 | D63: 2 | E63: 5 | F63: 4 | H63: =SUM(B63:E63) -> 16 | I63: =AVERAGE(B63:E63) -> 4 | J63: =SUM(B63:F63) -> 20 | K63: =AVERAGE(B63:F63) -> 4 | L63: =rank.eq(I63,$I$2:$I$78,0)+COUNTIF($I$2:I63,I63)-1 -> #NAME?
A64: 63 | B64: 5 | C64: 5 | D64: 3 | E64: 5 | F64: 4 | H64: =SUM(B64:E64) -> 18 | I64: =AVERAGE(B64:E64) -> 4.5 | J64: =SUM(B64:F64) -> 22 | K64: =AVERAGE(B64:F64) -> 4.4 | L64: =rank.eq(I64,$I$2:$I$78,0)+COUNTIF($I$2:I64,I64)-1 -> #NAME?
A65: 64 | B65: 3 | C65: 4 | D65: 5 | E65: 5 | H65: =SUM(B65:E65) -> 17 | I65: =AVERAGE(B65:E65) -> 4.25 | J65: =SUM(B65:F65) -> 17 | K65: =AVERAGE(B65:F65) -> 4.25 | L65: =rank.eq(I65,$I$2:$I$78,0)+COUNTIF($I$2:I65,I65)-1 -> #NAME?
A66: 65 | B66: 2 | C66: 3 | D66: 5 | E66: 5 | H66: =SUM(B66:E66) -> 15 | I66: =AVERAGE(B66:E66) -> 3.75 | J66: =SUM(B66:F66) -> 15 | K66: =AVERAGE(B66:F66) -> 3.75 | L66: =rank.eq(I66,$I$2:$I$78,0)+COUNTIF($I$2:I66,I66)-1 -> #NAME?
A67: 66 | B67: 5 | C67: 4 | D67: 4 | E67: 5 | H67: =SUM(B67:E67) -> 18 | I67: =AVERAGE(B67:E67) -> 4.5 | J67: =SUM(B67:F67) -> 18 | K67: =AVERAGE(B67:F67) -> 4.5 | L67: =rank.eq(I67,$I$2:$I$78,0)+COUNTIF($I$2:I67,I67)-1 -> #NAME?
A68: 67 | B68: 3 | C68: 4 | D68: 5 | E68: 5 | H68: =SUM(B68:E68) -> 17 | I68: =AVERAGE(B68:E68) -> 4.25 | J68: =SUM(B68:F68) -> 17 | K68: =AVERAGE(B68:F68) -> 4.25 | L68: =rank.eq(I68,$I$2:$I$78,0)+COUNTIF($I$2:I68,I68)-1 -> #NAME?
A69: 68 | B69: 4 | C69: 4 | D69: 4 | E69: 5 | H69: =SUM(B69:E69) -> 17 | I69: =AVERAGE(B69:E69) -> 4.25 | J69: =SUM(B69:F69) -> 17 | K69: =AVERAGE(B69:F69) -> 4.25 | L69: =rank.eq(I69,$I$2:$I$78,0)+COUNTIF($I$2:I69,I69)-1 -> #NAME?
A70: 69 | B70: 5 | C70: 5 | D70: 4 | E70: 5 | F70: 5 | H70: =SUM(B70:E70) -> 19 | I70: =AVERAGE(B70:E70) -> 4.75 | J70: =SUM(B70:F70) -> 24 | K70: =AVERAGE(B70:F70) -> 4.8 | L70: =rank.eq(I70,$I$2:$I$78,0)+COUNTIF($I$2:I70,I70)-1 -> #NAME?
A71: 70 | B71: 5 | C71: 4 | D71: 5 | E71: 5 | F71: 5 | H71: =SUM(B71:E71) -> 19 | I71: =AVERAGE(B71:E71) -> 4.75 | J71: =SUM(B71:F71) -> 24 | K71: =AVERAGE(B71:F71) -> 4.8 | L71: =rank.eq(I71,$I$2:$I$78,0)+COUNTIF($I$2:I71,I71)-1 -> #NAME?
A72: 71 | B72: 2 | C72: 2 | D72: 2 | E72: 4 | H72: =SUM(B72:E72) -> 10 | I72: =AVERAGE(B72:E72) -> 2.5 | J72: =SUM(B72:F72) -> 10 | K72: =AVERAGE(B72:F72) -> 2.5 | L72: =rank.eq(I72,$I$2:$I$78,0)+COUNTIF($I$2:I72,I72)-1 -> #NAME?
A73: 72 | B73: 4 | C73: 5 | D73: 3 | E73: 5 | H73: =SUM(B73:E73) -> 17 | I73: =AVERAGE(B73:E73) -> 4.25 | J73: =SUM(B73:F73) -> 17 | K73: =AVERAGE(B73:F73) -> 4.25 | L73: =rank.eq(I73,$I$2:$I$78,0)+COUNTIF($I$2:I73,I73)-1 -> #NAME?
A74: 73 | B74: 3 | C74: 3 | D74: 5 | E74: 5 | H74: =SUM(B74:E74) -> 16 | I74: =AVERAGE(B74:E74) -> 4 | J74: =SUM(B74:F74) -> 16 | K74: =AVERAGE(B74:F74) -> 4 | L74: =rank.eq(I74,$I$2:$I$78,0)+COUNTIF($I$2:I74,I74)-1 -> #NAME?
A75: 74 | B75: 1 | C75: 3 | D75: 2 | E75: 4 | H75: =SUM(B75:E75) -> 10 | I75: =AVERAGE(B75:E75) -> 2.5 | J75: =SUM(B75:F75) -> 10 | K75: =AVERAGE(B75:F75) -> 2.5 | L75: =rank.eq(I75,$I$2:$I$78,0)+COUNTIF($I$2:I75,I75)-1 -> #NAME?
A76: 75 | B76: 0 | C76: 3 | D76: 4 | E76: 5 | H76: =SUM(B76:E76) -> 12 | I76: =AVERAGE(B76:E76) -> 3 | J76: =SUM(B76:F76) -> 12 | K76: =AVERAGE(B76:F76) -> 3 | L76: =rank.eq(I76,$I$2:$I$78,0)+COUNTIF($I$2:I76,I76)-1 -> #NAME?
A77: 76 | B77: 3 | C77: 3 | D77: 3 | E77: 4 | F77: 3 | H77: =SUM(B77:E77) -> 13 | I77: =AVERAGE(B77:E77) -> 3.25 | J77: =SUM(B77:F77) -> 16 | K77: =AVERAGE(B77:F77) -> 3.2 | L77: =rank.eq(I77,$I$2:$I$78,0)+COUNTIF($I$2:I77,I77)-1 -> #NAME?
A78: 77 | B78: 4 | C78: 4 | D78: 1 | E78: 5 | F78: 3 | H78: =SUM(B78:E78) -> 14 | I78: =AVERAGE(B78:E78) -> 3.5 | J78: =SUM(B78:F78) -> 17 | K78: =AVERAGE(B78:F78) -> 3.4 | L78: =rank.eq(I78,$I$2:$I$78,0)+COUNTIF($I$2:I78,I78)-1 -> #NAME?
A80: SUMME | B80: =SUM(B$2:B$78) -> 253 | C80: =SUM(C$2:C$78) -> 276 | D80: =SUM(D$2:D$78) -> 265 | E80: =SUM(E$2:E$78) -> 369 | F80: =SUM(F$2:F$78) -> 72 | H80: =SUM(H$2:H$78) -> 1163 | I80: =SUM(I$2:I$78) -> 290.75 | J80: =SUM(J$2:J$78) -> 1235 | K80: =SUM(K$2:K$78) -> 287.4
A81: AVERAGE | B81: =AVERAGE(B$2:B$78) -> 3.2857143 | C81: =AVERAGE(C$2:C$78) -> 3.5844156 | D81: =AVERAGE(D$2:D$78) -> 3.4415584 | E81: =AVERAGE(E$2:E$78) -> 4.7922078 | F81: =AVERAGE(F$2:F$78) -> 3.2727273 | H81: =AVERAGE(H$2:H$78) -> 15.103896 | I81: =AVERAGE(I$2:I$78) -> 3.775974 | J81: =AVERAGE(J$2:J$78) -> 16.038961 | K81: =AVERAGE(K$2:K$78) -> 3.7324675
A82: ANZAHL | B82: =COUNT(B$2:B$78) -> 77 | C82: =COUNT(C$2:C$78) -> 77 | D82: =COUNT(D$2:D$78) -> 77 | E82: =COUNT(E$2:E$78) -> 77 | F82: =COUNT(F$2:F$78) -> 22 | H82: =COUNT(H$2:H$78) -> 77 | I82: =COUNT(I$2:I$78) -> 77 | J82: =COUNT(J$2:J$78) -> 77 | K82: =COUNT(K$2:K$78) -> 77

Sheet Dashboard
A1: Dashboard – Bewertung 4o-mini
A3: Kennzahl | B3: Wert
A4: Anzahl Bilder | B4: =COUNTA(Bewertung!$A$2:$A$78) -> 77
A5: Ø Kernkriterien | B5: =AVERAGE(Bewertung!$I$2:$I$78) -> 3.775974
A6: Ø inkl. Konsistenz | B6: =AVERAGE(Bewertung!$K$2:$K$78) -> 3.7324675
A7: Bewertete Konsistenzwerte | B7: =COUNT(Bewertung!$F$2:$F$78) -> 22
A9: Kriterium | B9: Anzahl | C9: Summe | D9: Durchschnitt
A10: Inhaltliche Genauigkeit | B10: =Bewertung!$B$82 -> 77 | C10: =Bewertung!$B$80 -> 253 | D10: =Bewertung!$B$81 -> 3.2857143
A11: Halluzinationen | B11: =Bewertung!$C$82 -> 77 | C11: =Bewertung!$C$80 -> 276 | D11: =Bewertung!$C$81 -> 3.5844156
A12: Detailtiefe | B12: =Bewertung!$D$82 -> 77 | C12: =Bewertung!$D$80 -> 265 | D12: =Bewertung!$D$81 -> 3.4415584
A13: Robustheit | B13: =Bewertung!$E$82 -> 77 | C13: =Bewertung!$E$80 -> 369 | D13: =Bewertung!$E$81 -> 4.7922078
A14: Konsistenz | B14: =Bewertung!$F$82 -> 22 | C14: =Bewertung!$F$80 -> 72 | D14: =Bewertung!$F$81 -> 3.2727273
A39: Top 10 Bilder nach Ø Kernkriterien
A40: Bild | B40: Ø Kernkriterien
A41: =INDEX(Bewertung!$A$2:$A$78,MATCH(ROW(A1),Bewertung!$L$2:$L$78,0)) -> #N/A | B41: =INDEX(Bewertung!$I$2:$I$78,MATCH(ROW(A1),Bewertung!$L$2:$L$78,0)) -> #N/A
A42: =INDEX(Bewertung!$A$2:$A$78,MATCH(ROW(A2),Bewertung!$L$2:$L$78,0)) -> #N/A | B42: =INDEX(Bewertung!$I$2:$I$78,MATCH(ROW(A2),Bewertung!$L$2:$L$78,0)) -> #N/A
A43: =INDEX(Bewertung!$A$2:$A$78,MATCH(ROW(A3),Bewertung!$L$2:$L$78,0)) -> #N/A | B43: =INDEX(Bewertung!$I$2:$I$78,MATCH(ROW(A3),Bewertung!$L$2:$L$78,0)) -> #N/A
A44: =INDEX(Bewertung!$A$2:$A$78,MATCH(ROW(A4),Bewertung!$L$2:$L$78,0)) -> #N/A | B44: =INDEX(Bewertung!$I$2:$I$78,MATCH(ROW(A4),Bewertung!$L$2:$L$78,0)) -> #N/A
A45: =INDEX(Bewertung!$A$2:$A$78,MATCH(ROW(A5),Bewertung!$L$2:$L$78,0)) -> #N/A | B45: =INDEX(Bewertung!$I$2:$I$78,MATCH(ROW(A5),Bewertung!$L$2:$L$78,0)) -> #N/A
A46: =INDEX(Bewertung!$A$2:$A$78,MATCH(ROW(A6),Bewertung!$L$2:$L$78,0)) -> #N/A | B46: =INDEX(Bewertung!$I$2:$I$78,MATCH(ROW(A6),Bewertung!$L$2:$L$78,0)) -> #N/A
A47: =INDEX(Bewertung!$A$2:$A$78,MATCH(ROW(A7),Bewertung!$L$2:$L$78,0)) -> #N/A | B47: =INDEX(Bewertung!$I$2:$I$78,MATCH(ROW(A7),Bewertung!$L$2:$L$78,0)) -> #N/A
A48: =INDEX(Bewertung!$A$2:$A$78,MATCH(ROW(A8),Bewertung!$L$2:$L$78,0)) -> #N/A | B48: =INDEX(Bewertung!$I$2:$I$78,MATCH(ROW(A8),Bewertung!$L$2:$L$78,0)) -> #N/A
A49: =INDEX(Bewertung!$A$2:$A$78,MATCH(ROW(A9),Bewertung!$L$2:$L$78,0)) -> #N/A | B49: =INDEX(Bewertung!$I$2:$I$78,MATCH(ROW(A9),Bewertung!$L$2:$L$78,0)) -> #N/A
A50: =INDEX(Bewertung!$A$2:$A$78,MATCH(ROW(A10),Bewertung!$L$2:$L$78,0)) -> #N/A | B50: =INDEX(Bewertung!$I$2:$I$78,MATCH(ROW(A10),Bewertung!$L$2:$L$78,0)) -> #N/A
A53: Bild | B53: Inhaltl. Genauigkeit | C53: Halluzinationen | D53: Detailtiefe | E53: Robustheit | F53: Ø Kern
A54: =Bewertung!A2 -> 1 | B54: =Bewertung!B2 -> 4 | C54: =Bewertung!C2 -> 3 | D54: =Bewertung!D2 -> 5 | E54: =Bewertung!E2 -> 5 | F54: =Bewertung!I2 -> 4.25
A55: =Bewertung!A3 -> 2 | B55: =Bewertung!B3 -> 3 | C55: =Bewertung!C3 -> 3 | D55: =Bewertung!D3 -> 5 | E55: =Bewertung!E3 -> 5 | F55: =Bewertung!I3 -> 4
A56: =Bewertung!A4 -> 3 | B56: =Bewertung!B4 -> 3 | C56: =Bewertung!C4 -> 2 | D56: =Bewertung!D4 -> 4 | E56: =Bewertung!E4 -> 5 | F56: =Bewertung!I4 -> 3.5
A57: =Bewertung!A5 -> 4 | B57: =Bewertung!B5 -> 3 | C57: =Bewertung!C5 -> 3 | D57: =Bewertung!D5 -> 4 | E57: =Bewertung!E5 -> 5 | F57: =Bewertung!I5 -> 3.75
A58: =Bewertung!A6 -> 5 | B58: =Bewertung!B6 -> 2 | C58: =Bewertung!C6 -> 4 | D58: =Bewertung!D6 -> 3 | E58: =Bewertung!E6 -> 5 | F58: =Bewertung!I6 -> 3.5
A59: =Bewertung!A7 -> 6 | B59: =Bewertung!B7 -> 3 | C59: =Bewertung!C7 -> 1 | D59: =Bewertung!D7 -> 3 | E59: =Bewertung!E7 -> 5 | F59: =Bewertung!I7 -> 3
A60: =Bewertung!A8 -> 7 | B60: =Bewertung!B8 -> 2 | C60: =Bewertung!C8 -> 2 | D60: =Bewertung!D8 -> 3 | E60: =Bewertung!E8 -> 5 | F60: =Bewertung!I8 -> 3
A61: =Bewertung!A9 -> 8 | B61: =Bewertung!B9 -> 3 | C61: =Bewertung!C9 -> 3 | D61: =Bewertung!D9 -> 2 | E61: =Bewertung!E9 -> 5 | F61: =Bewertung!I9 -> 3.25
A62: =Bewertung!A10 -> 9 | B62: =Bewertung!B10 -> 3 | C62: =Bewertung!C10 -> 4 | D62: =Bewertung!D10 -> 4 | E62: =Bewertung!E10 -> 5 | F62: =Bewertung!I10 -> 4
A63: =Bewertung!A11 -> 10 | B63: =Bewertung!B11 -> 3 | C63: =Bewertung!C11 -> 4 | D63: =Bewertung!D11 -> 2 | E63: =Bewertung!E11 -> 4 | F63: =Bewertung!I11 -> 3.25
A64: =Bewertung!A12 -> 11 | B64: =Bewertung!B12 -> 3 | C64: =Bewertung!C12 -> 2 | D64: =Bewertung!D12 -> 4 | E64: =Bewertung!E12 -> 5 | F64: =Bewertung!I12 -> 3.5
A65: =Bewertung!A13 -> 12 | B65: =Bewertung!B13 -> 4 | C65: =Bewertung!C13 -> 3 | D65: =Bewertung!D13 -> 4 | E65: =Bewertung!E13 -> 5 | F65: =Bewertung!I13 -> 4
... A130: =Bewertung!A78 -> 77 | B130: =Bewertung!B78 -> 4 | C130: =Bewertung!C78 -> 4 | D130: =Bewertung!D78 -> 1 | E130: =Bewertung!E78 -> 5 | F130: =Bewertung!I78 -> 3.5
